country,country_long,name,gppd_idnr,capacity_mw,latitude,longitude,primary_fuel,commissioning_year,owner,source,url,geolocation_source,year_of_capacity_data,generation_gwh_2013,generation_gwh_2014,generation_gwh_2015,generation_gwh_2016,estimated_generation_gwh,capacity_segment,energy_type,owner_group
IDN,Indonesia,Ampenan,WRI1000736,56.284,-8.5667,116.0667,Oil,,Pln - West Nusa Tenggara Regional Unit/Ntb,Indonesia Power Generation,https://repit.wordpress.com/,CARMA,,,,,,2053.0004385803577,Medium (10–100 MW),Fossil,PLN Group
IDN,Indonesia,Asahan I,WRI1000737,180.0,2.5113,99.259,Hydro,,Pt Bajradaya Sentranusa (China Huadian Corporation 70% + Pjb 26.5%+Nusa Konstruksi Engineering 3.5%),Indonesia Power Generation,https://repit.wordpress.com/,WRI,,,,,,598.0008737623891,Large (>100 MW),Renewable,Non-PLN
IDN,Indonesia,Bakaru,WRI1000738,126.0,-3.1141,119.6042,Hydro,,Pln-South&South East Sulawesi Regional Unit,Indonesia Power Generation,https://repit.wordpress.com/,CARMA,,,,,,418.6006116336724,Large (>100 MW),Renewable,PLN Group
IDN,Indonesia,Balambano,WRI1000739,130.0,-2.5213,121.357,Hydro,,Pt. Inco,Indonesia Power Generation,https://repit.wordpress.com/,CARMA,,,,,,431.8895199395033,Large (>100 MW),Renewable,Non-PLN
IDN,Indonesia,Bengkok+Dago/Saguling,WRI1000743,3.85,-6.6247,107.5564,Hydro,,Pln - Pt. Indonesia Power,Indonesia Power Generation,https://repit.wordpress.com/,CARMA,,,,,,12.790574244362212,Small (<10 MW),Renewable,PLN Group
IDN,Indonesia,Besai - Way Kanan,WRI1000744,92.8,-4.9822,104.8051,Hydro,,Pln-South Sumatera Generation Unit,Indonesia Power Generation,https://repit.wordpress.com/,WRI,,,,,,308.3026726952762,Medium (10–100 MW),Renewable,PLN Group
IDN,Indonesia,Bili Bili,WRI1000745,20.1,-5.2779,119.5817,Hydro,,Pln,Indonesia Power Generation,https://repit.wordpress.com/,WRI,,,,,,66.77676423680012,Medium (10–100 MW),Renewable,PLN Group
IDN,Indonesia,Bitung - Menado,WRI1000746,56.62,1.4451,125.1824,Oil,,Pln-Nth & Ctrl Sulawesi & Gorontalo Reg Unit,Indonesia Power Generation,https://repit.wordpress.com/,CARMA,,,,,,2065.2562865542577,Medium (10–100 MW),Fossil,PLN Group
IDN,Indonesia,Cikalong/Saguling,WRI1000747,19.2,-6.9039,107.6186,Hydro,,Pln - Pt. Indonesia Power,Indonesia Power Generation,https://repit.wordpress.com/,CARMA,,,,,,63.78675986798818,Medium (10–100 MW),Renewable,PLN Group
IDN,Indonesia,Ciratai & Ii,WRI1000748,1008.0,-6.7004,107.3671,Hydro,,Pln - Java Bali Generation Unit / Pt. Pjb,Indonesia Power Generation,https://repit.wordpress.com/,WRI,,,,,,3348.8048930693794,Large (>100 MW),Renewable,PLN Group
IDN,Indonesia,Darajat 1,WRI1000750,55.0,-7.2173,107.7394,Geothermal,,Pln – Indonesia Power,Indonesia Power Generation,https://repit.wordpress.com/,WRI,,,,,,411.3934426229508,Medium (10–100 MW),Renewable,PLN Group
IDN,Indonesia,Darajat 2  3,WRI1000751,215.0,-7.2173,107.7394,Geothermal,,Pt. Chevron Geothermal Darajat  Ltd,Indonesia Power Generation,https://repit.wordpress.com/,WRI,,,,,,1608.1743666169896,Large (>100 MW),Renewable,Non-PLN
IDN,Indonesia,Dieng,WRI1000752,60.0,-7.2061,109.9119,Geothermal,,Pt. Geo Dipa Energy,Indonesia Power Generation,https://repit.wordpress.com/,CARMA,,,,,,448.7928464977646,Medium (10–100 MW),Renewable,Non-PLN
IDN,Indonesia,Giringan - Pamekasan,WRI1000755,3.2,-7.7201,111.6715,Hydro,,Pln - Java Bali Generation Unit / Pt. Pjb,Indonesia Power Generation,https://repit.wordpress.com/,CARMA,,,,,,10.631126644664697,Small (<10 MW),Renewable,PLN Group
IDN,Indonesia,Golang - Pamekasan,WRI1000756,2.7,-8.1408,111.1317,Hydro,,Pln - Java Bali Generation Unit / Pt. Pjb,Indonesia Power Generation,https://repit.wordpress.com/,CARMA,,,,,,8.97001310643584,Small (<10 MW),Renewable,PLN Group
IDN,Indonesia,Gunung Malang,WRI1000758,25.536,-6.7409,106.673,Oil,,Pln-East Kalimantan Regional Unit,Indonesia Power Generation,https://repit.wordpress.com/,WRI,,,,,,931.4444460164171,Medium (10–100 MW),Fossil,PLN Group
IDN,Indonesia,Gunung Salak,WRI1000759,375.0,-6.7416,106.648,Geothermal,,Pt. Chevron Geothermal Salak  Ltd,Indonesia Power Generation,https://repit.wordpress.com/,WRI,,,,,,2804.9552906110284,Large (>100 MW),Renewable,Non-PLN
IDN,Indonesia,Jatiluhur,WRI1000762,186.0,-6.523,107.389,Hydro,,Perum Jasa Tirta Ii,Indonesia Power Generation,https://repit.wordpress.com/,GEODB,,,,,,617.9342362211355,Large (>100 MW),Renewable,Non-PLN
IDN,Indonesia,Kamojang 1  2  3,WRI1000764,140.0,-6.4239,107.4553,Geothermal,,Pln – Indonesia Power,Indonesia Power Generation,https://repit.wordpress.com/,CARMA,,,,,,1047.183308494784,Large (>100 MW),Renewable,PLN Group
IDN,Indonesia,Kamojang 4,WRI1000765,60.0,-6.4239,107.4553,Geothermal,,Pt. Pertamina Geothermal Energy,Indonesia Power Generation,https://repit.wordpress.com/,CARMA,,,,,,448.7928464977646,Medium (10–100 MW),Renewable,Non-PLN
IDN,Indonesia,Kayu Merah - Ternate,WRI1000769,21.084,0.8,127.4,Oil,,Pln - Maluku Regional Unit,Indonesia Power Generation,https://repit.wordpress.com/,CARMA,,,,,,769.054460362239,Medium (10–100 MW),Fossil,PLN Group
IDN,Indonesia,Kendari - Rental,WRI1000771,36.3,1.0591,120.798,Oil,,Pln - Rental,Indonesia Power Generation,https://repit.wordpress.com/,CARMA,,,,,,1324.0692900374347,Medium (10–100 MW),Fossil,PLN Group
IDN,Indonesia,Ketenger / Mrica,WRI1000772,8.04,-7.5097,109.2778,Hydro,,Pln - Pt. Indonesia Power,Indonesia Power Generation,https://repit.wordpress.com/,CARMA,,,,,,26.710705694720048,Small (<10 MW),Renewable,PLN Group
IDN,Indonesia,Klambu/Mrica,WRI1000773,1.117,-7.0069,110.7964,Hydro,,Pln - Pt. Indonesia Power,Indonesia Power Generation,https://repit.wordpress.com/,CARMA,,,,,,3.71092764440327,Small (<10 MW),Renewable,PLN Group
IDN,Indonesia,Koto Panjang Kampar,WRI1000775,114.0,0.2905,100.8814,Hydro,,Pln,Indonesia Power Generation,https://repit.wordpress.com/,WRI,,,,,,378.7338867161798,Large (>100 MW),Renewable,PLN Group
IDN,Indonesia,Kracak/Saguling,WRI1000776,18.9,-6.9039,107.6186,Hydro,,Pln - Pt. Indonesia Power,Indonesia Power Generation,https://repit.wordpress.com/,CARMA,,,,,,62.79009174505087,Medium (10–100 MW),Renewable,PLN Group
IDN,Indonesia,Lahendong (Binary Cycle),WRI1000777,20.0,1.3346,124.8392,Geothermal,,Bppt + Pertamina,Indonesia Power Generation,https://repit.wordpress.com/,CARMA,,,,,,149.59761549925486,Medium (10–100 MW),Renewable,Non-PLN
IDN,Indonesia,Lahendong Iv,WRI1000778,80.0,1.2542,124.8225,Geothermal,,Pln + Pertamina Geothermal Energy,Indonesia Power Generation,https://repit.wordpress.com/,WRI,,,,,,598.3904619970194,Medium (10–100 MW),Renewable,PLN Group
IDN,Indonesia,Lamajan/Saguling,WRI1000779,19.56,-6.9039,107.6186,Hydro,,Pln - Pt. Indonesia Power,Indonesia Power Generation,https://repit.wordpress.com/,CARMA,,,,,,64.98276161551296,Medium (10–100 MW),Renewable,PLN Group
IDN,Indonesia,Larona,WRI1000780,165.0,-2.8194,121.5783,Hydro,,Pt. Inco,Indonesia Power Generation,https://repit.wordpress.com/,CARMA,,,,,,548.1674676155234,Large (>100 MW),Renewable,Non-PLN
IDN,Indonesia,Lau Renun,WRI1000781,82.0,3.0824,98.065,Hydro,,Pln - Pandan Sector,Indonesia Power Generation,https://repit.wordpress.com/,CARMA,,,,,,272.42262026953284,Medium (10–100 MW),Renewable,PLN Group
IDN,Indonesia,Lodoyo - Brantas,WRI1000783,4.5,-8.1613,112.2173,Hydro,,Pln - Java Bali Generation Unit / Pt. Pjb,Indonesia Power Generation,https://repit.wordpress.com/,CARMA,,,,,,14.95002184405973,Small (<10 MW),Renewable,PLN Group
IDN,Indonesia,Maninjau Iii,WRI1000785,123.0,-0.2923,100.152,Hydro,,Pln-South Sumatera Generation Unit,Indonesia Power Generation,https://repit.wordpress.com/,CARMA,,,,,,408.6339304042993,Large (>100 MW),Renewable,PLN Group
IDN,Indonesia,Mendalan - Brantas,WRI1000788,23.0,-7.854,112.3316,Hydro,,Pln - Java Bali Generation Unit / Pt. Pjb,Indonesia Power Generation,https://repit.wordpress.com/,CARMA,,,,,,76.41122275852751,Medium (10–100 MW),Renewable,PLN Group
IDN,Indonesia,Minahasa - Rental,WRI1000791,35.0,-1.4789,122.3858,Oil,,Pln - Rental,Indonesia Power Generation,https://repit.wordpress.com/,CARMA,,,,,,1276.6508306146068,Medium (10–100 MW),Fossil,PLN Group
IDN,Indonesia,Musi,WRI1000792,215.475,-3.766,102.435,Hydro,,Pln-South Sumatera Generation Unit,Indonesia Power Generation,https://repit.wordpress.com/,GEODB,,,,,,715.8568792997268,Large (>100 MW),Renewable,PLN Group
IDN,Indonesia,Ngebel - Pamekasan,WRI1000793,2.2,-7.7891,111.6167,Hydro,,Pln - Java Bali Generation Unit / Pt. Pjb,Indonesia Power Generation,https://repit.wordpress.com/,CARMA,,,,,,7.3088995682069795,Small (<10 MW),Renewable,PLN Group
IDN,Indonesia,North Duri Cogeneration Plant,WRI1000794,300.0,1.3722,101.226,Gas,,Pt Mandau Cipta Tenaga Nusanatara (Subsidiary Of Chevron),Indonesia Power Generation,https://repit.wordpress.com/,WRI,,,,,,1318.1967213114756,Large (>100 MW),Fossil,Non-PLN
IDN,Indonesia,Pb. Sudirman/Mrica,WRI1000800,180.9,-7.3927,109.6054,Hydro,,Pln - Pt. Indonesia Power,Indonesia Power Generation,https://repit.wordpress.com/,GEODB,,,,,,600.9908781312012,Large (>100 MW),Renewable,PLN Group
IDN,Indonesia,Pltg (Ex Pltd Sunyaragi),WRI1000809,18.0,-7.4064,109.5842,Gas,,Pln-South Sumatera Generation Unit,Indonesia Power Generation,https://repit.wordpress.com/,CARMA,,,,,,79.09180327868853,Medium (10–100 MW),Fossil,PLN Group
IDN,Indonesia,Pltg Belawan,WRI1000817,260.0,3.5833,98.6667,Gas,,Pln / Kitsumbagut,Indonesia Power Generation,https://repit.wordpress.com/,CARMA,,,,,,1142.4371584699454,Large (>100 MW),Fossil,PLN Group
IDN,Indonesia,Pltg Belawan Ttf,WRI1000818,105.0,3.5833,98.6667,Gas,,Pln / Kitsumbagut,Indonesia Power Generation,https://repit.wordpress.com/,CARMA,,,,,,461.3688524590164,Large (>100 MW),Fossil,PLN Group
IDN,Indonesia,Pltg Cikarang Listrindo,WRI1000821,150.0,-6.1133,106.7788,Gas,,Pt. Cikarang Listrindo,Indonesia Power Generation,https://repit.wordpress.com/,CARMA,,,,,,659.0983606557378,Large (>100 MW),Fossil,Non-PLN
IDN,Indonesia,Pltg Cilacap,WRI1000822,55.0,-7.7264,109.0094,Gas,,Pln – Indonesia Power,Indonesia Power Generation,https://repit.wordpress.com/,CARMA,,,,,,241.66939890710384,Medium (10–100 MW),Fossil,PLN Group
IDN,Indonesia,Pltg Duri Ex Pltg Sunyaragi Cent Java,WRI1000824,20.0,-7.4064,109.5842,Gas,,Pln,Indonesia Power Generation,https://repit.wordpress.com/,CARMA,,,,,,87.87978142076503,Medium (10–100 MW),Fossil,PLN Group
IDN,Indonesia,Pltg Gilimanuk,WRI1000825,133.0,-8.1716,114.4344,Gas,,Pt. Indonesia Power,Indonesia Power Generation,https://repit.wordpress.com/,CARMA,,,,,,584.4005464480874,Large (>100 MW),Fossil,Non-PLN
IDN,Indonesia,Pltg Grati,WRI1000829,302.0,-7.6517,113.0244,Gas,,Pt. Indonesia Power,Indonesia Power Generation,https://repit.wordpress.com/,GEODB,,,,,,1326.984699453552,Large (>100 MW),Fossil,Non-PLN
IDN,Indonesia,Pltg Gresik,WRI1000830,80.0,-7.1633,112.6615,Gas,,Pln – Java Bali Generation Unit / Pt. Pjb,Indonesia Power Generation,https://repit.wordpress.com/,GEODB,,,,,,351.5191256830601,Medium (10–100 MW),Fossil,PLN Group
IDN,Indonesia,Pltg Keramasan,WRI1000833,145.0,-2.9167,104.7458,Gas,,Pt Asta Keramasan Energy (Ake),Indonesia Power Generation,https://repit.wordpress.com/,CARMA,,,,,,637.1284153005465,Large (>100 MW),Fossil,Non-PLN
IDN,Indonesia,Pltg Keramasan #1 2 3 4,WRI1000834,65.0,-2.9167,104.7458,Gas,,Pln-South Sumatera Generation Unit,Indonesia Power Generation,https://repit.wordpress.com/,CARMA,,,,,,285.60928961748635,Medium (10–100 MW),Fossil,PLN Group
IDN,Indonesia,Pltg Krakatau Posco Energy,WRI1000835,200.0,-6.0048,105.9961,Gas,,Pt. Krakatau Posco Energy (Jv : Korea Posco Energy (70%) + Pt. Krakatau Daya Listrik (30%)),Indonesia Power Generation,https://repit.wordpress.com/,WRI,,,,,,878.7978142076503,Large (>100 MW),Fossil,Non-PLN
IDN,Indonesia,Pltg Muara Tawar B-3,WRI1000836,420.0,-6.0867,106.9987,Gas,,Pt. Pjb,Indonesia Power Generation,https://repit.wordpress.com/,GEODB,,,,,,1845.4754098360656,Large (>100 MW),Fossil,Non-PLN
IDN,Indonesia,Pltg Muara Tawar Block 4,WRI1000837,420.0,-6.0867,106.9987,Gas,,Pt. Pjb,Indonesia Power Generation,https://repit.wordpress.com/,GEODB,,,,,,1845.4754098360656,Large (>100 MW),Fossil,Non-PLN
IDN,Indonesia,Pltg Pemaron,WRI1000844,97.0,-8.1189,115.0887,Gas,,Pt. Indonesia Power,Indonesia Power Generation,https://repit.wordpress.com/,CARMA,,,,,,426.2169398907104,Medium (10–100 MW),Fossil,Non-PLN
IDN,Indonesia,Pltg Pesanggaran,WRI1000845,122.0,-8.7157,115.214,Gas,,Pt. Indonesia Power,Indonesia Power Generation,https://repit.wordpress.com/,CARMA,,,,,,536.0666666666667,Large (>100 MW),Fossil,Non-PLN
IDN,Indonesia,Pltg Priok,WRI1000846,52.0,-6.1071,106.8716,Gas,,Pt. Indonesia Power,Indonesia Power Generation,https://repit.wordpress.com/,WRI,,,,,,228.48743169398907,Medium (10–100 MW),Fossil,Non-PLN
IDN,Indonesia,Pltg Sengkang/Wajo,WRI1000849,180.0,-5.14,119.4221,Gas,,Pt. Energy Sengkang,Indonesia Power Generation,https://repit.wordpress.com/,CARMA,,,,,,790.9180327868852,Large (>100 MW),Fossil,Non-PLN
IDN,Indonesia,Pltg Sunyaragi 1 2 3 4,WRI1000855,80.0,-7.4064,109.5842,Gas,,Pln – Indonesia Power,Indonesia Power Generation,https://repit.wordpress.com/,CARMA,,,,,,351.5191256830601,Medium (10–100 MW),Fossil,PLN Group
IDN,Indonesia,Pltg Tarakan,WRI1000858,23.0,3.3,117.6333,Gas,,Pt. Cahaya Sakti,Indonesia Power Generation,https://repit.wordpress.com/,CARMA,,,,,,101.0617486338798,Medium (10–100 MW),Fossil,Non-PLN
IDN,Indonesia,Pltg Tello,WRI1000859,123.0,-5.14,119.4221,Gas,,Pln-South&South East Sulawesi Regional Unit,Indonesia Power Generation,https://repit.wordpress.com/,CARMA,,,,,,540.4606557377049,Large (>100 MW),Fossil,PLN Group
IDN,Indonesia,Pltgb Singkawang,WRI1000867,9.0,0.9,109.0,Gas,,Plt – Rented From Pt. Krista Inti Persada,Indonesia Power Generation,https://repit.wordpress.com/,CARMA,,,,,,39.545901639344265,Small (<10 MW),Fossil,Non-PLN
IDN,Indonesia,Pltgb Tanjung Batu,WRI1000868,2.0,-0.5,117.15,Gas,,Pln – Sewa,Indonesia Power Generation,https://repit.wordpress.com/,CARMA,,,,,,8.787978142076502,Small (<10 MW),Fossil,PLN Group
IDN,Indonesia,Pltgu Bekasi Power,WRI1000870,130.0,-6.2611,107.1528,Gas,,Pt. Bekasi Power/Pt. Kawasan Industri Jababeka Tbk,Indonesia Power Generation,https://repit.wordpress.com/,CARMA,,,,,,571.2185792349727,Large (>100 MW),Fossil,Non-PLN
IDN,Indonesia,Pltgu Belawan – Sicanang,WRI1000871,817.0,3.7715,98.6687,Gas,,Pln / Kitsumbagut,Indonesia Power Generation,https://repit.wordpress.com/,WRI,,,,,,3589.889071038251,Large (>100 MW),Fossil,PLN Group
IDN,Indonesia,Pltgu Cilegon,WRI1000874,903.0,-5.9306,106.1042,Gas,,Pln Cilegon Generation Unit,Indonesia Power Generation,https://repit.wordpress.com/,WRI,,,,,,3967.7721311475407,Large (>100 MW),Fossil,PLN Group
IDN,Indonesia,Pltgu Grati,WRI1000875,461.0,-7.6517,113.0244,Gas,,Pt. Indonesia Power,Indonesia Power Generation,https://repit.wordpress.com/,GEODB,,,,,,2025.6289617486336,Large (>100 MW),Fossil,Non-PLN
IDN,Indonesia,Pltgu Gresik,WRI1000876,1579.0,-7.1633,112.6615,Gas,,Pln – Java Bali Generation Unit / Pt. Pjb,Indonesia Power Generation,https://repit.wordpress.com/,GEODB,,,,,,6938.1087431694,Large (>100 MW),Fossil,PLN Group
IDN,Indonesia,Pltgu Krakatau Daya Listrik (Kdl),WRI1000878,400.0,-5.9924,105.9849,Gas,,Pt. Krakatau Daya Listrik,Indonesia Power Generation,https://repit.wordpress.com/,WRI,,,,,,1757.5956284153006,Large (>100 MW),Fossil,Non-PLN
IDN,Indonesia,Pltgu Muara Karang Block I,WRI1000879,509.0,-6.1087,106.7877,Gas,,Pln – Java Bali Generation Unit / Pt. Pjb,Indonesia Power Generation,https://repit.wordpress.com/,GEODB,,,,,,2236.5404371584696,Large (>100 MW),Fossil,PLN Group
IDN,Indonesia,Pltgu Muara Karang Repowering,WRI1000880,753.0,-6.1087,106.7877,Gas,,Pln – Java Bali Generation Unit / Pt. Pjb,Indonesia Power Generation,https://repit.wordpress.com/,GEODB,,,,,,3308.673770491803,Large (>100 MW),Fossil,PLN Group
IDN,Indonesia,Pltgu Muara Karang Repowering Blok 2,WRI1000881,210.0,-6.1087,106.7877,Gas,,Pln – Java Bali Generation Unit / Pt. Pjb,Indonesia Power Generation,https://repit.wordpress.com/,GEODB,,,,,,922.7377049180328,Large (>100 MW),Fossil,PLN Group
IDN,Indonesia,Pltgu Muara Tawar Block 1 &2,WRI1000882,920.0,-6.0867,106.9987,Gas,,Pt. Pjb,Indonesia Power Generation,https://repit.wordpress.com/,GEODB,,,,,,4042.469945355191,Large (>100 MW),Fossil,Non-PLN
IDN,Indonesia,Pltgu Muara Tawar Block 5,WRI1000883,384.0,-6.0867,106.9987,Gas,,Pt. Pjb,Indonesia Power Generation,https://repit.wordpress.com/,GEODB,,,,,,1687.2918032786886,Large (>100 MW),Fossil,Non-PLN
IDN,Indonesia,Pltgu Priok Block 1   2,WRI1000885,1180.0,-6.1102,106.8671,Gas,,Pt. Indonesia Power,Indonesia Power Generation,https://repit.wordpress.com/,WRI,,,,,,5184.907103825137,Large (>100 MW),Fossil,Non-PLN
IDN,Indonesia,Pltgu Sengkang/Wajo,WRI1000886,135.0,-5.14,119.4221,Gas,,Pt. Energy Sengkang,Indonesia Power Generation,https://repit.wordpress.com/,CARMA,,,,,,593.1885245901639,Large (>100 MW),Fossil,Non-PLN
IDN,Indonesia,Pltgu Tambak Lorok,WRI1000887,1034.0,-6.9505,110.434,Gas,,Pln – Indonesia Power,Indonesia Power Generation,https://repit.wordpress.com/,GEODB,,,,,,4543.384699453552,Large (>100 MW),Fossil,PLN Group
IDN,Indonesia,Pltmg Panaran,WRI1000894,24.0,0.1807,101.8444,Gas,,Bright Pln Batam,Indonesia Power Generation,https://repit.wordpress.com/,CARMA,,,,,,105.45573770491804,Medium (10–100 MW),Fossil,PLN Group
IDN,Indonesia,Pltmg Pulau Bunyu,WRI1000898,2.0,3.5,117.8333,Gas,,Pln,Indonesia Power Generation,https://repit.wordpress.com/,CARMA,,,,,,8.787978142076502,Small (<10 MW),Fossil,PLN Group
IDN,Indonesia,Pltmg Tj. Jabung,WRI1000904,8.0,-1.0167,104.3667,Gas,,Pt. Tanjung Jabung Power,Indonesia Power Generation,https://repit.wordpress.com/,CARMA,,,,,,35.15191256830601,Small (<10 MW),Fossil,Non-PLN
IDN,Indonesia,Pltu - Palu - Mpanau - Tawaeli,WRI1000906,30.0,-0.8917,119.8707,Coal,,Pt. Pusaka Jaya Palu Power,Indonesia Power Generation,https://repit.wordpress.com/,CARMA,,,,,,159.3238591226057,Medium (10–100 MW),Fossil,Non-PLN
IDN,Indonesia,Pltu -Jeneponto I & Ii,WRI1000907,250.0,-5.6184,119.5506,Coal,,Pt Bosowa Energy,Indonesia Power Generation,https://repit.wordpress.com/,WRI,,,,,,1327.6988260217142,Large (>100 MW),Fossil,Non-PLN
IDN,Indonesia,Pltu Asam-Asam 1 & 2,WRI1000910,260.0,-3.9253,115.1043,Coal,,Pln - South Kalimantan Regional Unit,Indonesia Power Generation,https://repit.wordpress.com/,WRI,,,,,,1380.8067790625828,Large (>100 MW),Fossil,PLN Group
IDN,Indonesia,Pltu Banjarsari/Merapi Timur-Lahat,WRI1000913,220.0,-3.7241,103.6894,Coal,,Pt. Bukit Pembangkit Inovatif (Pt Ba 59.75%  Pt Pjb 29.15% Dan Pt Navigate Innovative Indonesia (Pt Nii) 11.1%),Indonesia Power Generation,https://repit.wordpress.com/,WRI,,,,,,1168.3749668991086,Large (>100 MW),Fossil,Non-PLN
IDN,Indonesia,Pltu Banten 1 - Suralaya Unit 8,WRI1000914,625.0,-6.0585,106.4646,Coal,,Pln -.Pt Indonesia Power - 2010,Indonesia Power Generation,https://repit.wordpress.com/,GEODB,,,,,,3319.247065054285,Large (>100 MW),Fossil,PLN Group
IDN,Indonesia,Pltu Banten 2 - Labuhan,WRI1000915,600.0,-6.3919,105.8288,Coal,,Pln / 2010,Indonesia Power Generation,https://repit.wordpress.com/,WRI,,,,,,3186.477182452114,Large (>100 MW),Fossil,PLN Group
IDN,Indonesia,Pltu Banten 3 - Teluk Naga/Lontar,WRI1000916,945.0,-6.0585,106.4646,Coal,,Pln + Dongfang Electrik Corp  Pt Dalle Energy,Indonesia Power Generation,https://repit.wordpress.com/,GEODB,,,,,,5018.70156236208,Large (>100 MW),Fossil,PLN Group
IDN,Indonesia,Pltu Bilibili,WRI1000918,2.0,-2.5213,121.357,Coal,,Pln-South&South East Sulawesi Regional Unit,Indonesia Power Generation,https://repit.wordpress.com/,CARMA,,,,,,10.621590608173712,Small (<10 MW),Fossil,PLN Group
IDN,Indonesia,Pltu Bukit Asam,WRI1000919,30.0,-3.7316,103.7975,Coal,,Pt Ba For Own Use,Indonesia Power Generation,https://repit.wordpress.com/,GEODB,,,,,,159.3238591226057,Medium (10–100 MW),Fossil,Non-PLN
IDN,Indonesia,Pltu Cilacap 1 & 2,WRI1000920,600.0,-7.7513,109.0186,Coal,,Pt. Sumber Segara Primadaya,Indonesia Power Generation,https://repit.wordpress.com/,GEODB,,,,,,3186.477182452114,Large (>100 MW),Fossil,Non-PLN
IDN,Indonesia,Pltu Cirebon,WRI1000921,660.0,-6.7704,108.6151,Coal,,Pt. Cirebon Electric Power,Indonesia Power Generation,https://repit.wordpress.com/,GEODB,,,,,,3505.1249006973258,Large (>100 MW),Fossil,Non-PLN
IDN,Indonesia,Pltu Embalut - Tanjung Batu,WRI1000925,50.0,-0.5,117.15,Coal,,Pt. Cahaya Fajar Kaltim,Indonesia Power Generation,https://repit.wordpress.com/,CARMA,,,,,,265.53976520434287,Medium (10–100 MW),Fossil,Non-PLN
IDN,Indonesia,Pltu Gresik,WRI1000929,600.0,-7.1633,112.6615,Coal,,Pln - Java Bali Generation Unit / Pt. Pjb,Indonesia Power Generation,https://repit.wordpress.com/,WRI,,,,,,3186.477182452114,Large (>100 MW),Fossil,PLN Group
IDN,Indonesia,Pltu Hendratna,WRI1000932,5.0,-2.5213,121.357,Coal,,Pt. Hendratna Plywood,Indonesia Power Generation,https://repit.wordpress.com/,CARMA,,,,,,26.553976520434286,Small (<10 MW),Fossil,Non-PLN
IDN,Indonesia,Pltu Jabar Selatan - Pelabuhan Ratu,WRI1000938,1050.0,-7.0242,106.5464,Coal,,Pln,Indonesia Power Generation,https://repit.wordpress.com/,GEODB,,,,,,5576.3350692912,Large (>100 MW),Fossil,PLN Group
IDN,Indonesia,Pltu Jawa Barat - Indramayu,WRI1000939,990.0,-6.2747,107.9704,Coal,,Pln + China National Electric Engineering Co.  Ltd. (Cneec),Indonesia Power Generation,https://repit.wordpress.com/,GEODB,,,,,,5257.687351045988,Large (>100 MW),Fossil,PLN Group
IDN,Indonesia,Pltu Jawa Tengah 1 - Rembang,WRI1000940,630.0,-6.636,111.4749,Coal,,Pln(Epc : Zeland-Priamanaya-Tronoh),Indonesia Power Generation,https://repit.wordpress.com/,GEODB,,,,,,3345.80104157472,Large (>100 MW),Fossil,PLN Group
IDN,Indonesia,Pltu Kaur,WRI1000943,200.0,-2.5213,121.357,Coal,,Pln,Indonesia Power Generation,https://repit.wordpress.com/,CARMA,,,,,,1062.1590608173717,Large (>100 MW),Fossil,PLN Group
IDN,Indonesia,Pltu Keramasan,WRI1000945,25.0,-2.5213,121.357,Coal,,Pln-South Sumatera Generation Unit,Indonesia Power Generation,https://repit.wordpress.com/,CARMA,,,,,,132.76988260217144,Medium (10–100 MW),Fossil,PLN Group
IDN,Indonesia,Pltu Kupang,WRI1000947,30.0,-2.5213,121.357,Coal,,Pt. Indonesia Power & Electrindo Perkasa Utama,Indonesia Power Generation,https://repit.wordpress.com/,CARMA,,,,,,159.3238591226057,Medium (10–100 MW),Fossil,Non-PLN
IDN,Indonesia,Pltu Labuhan Angin,WRI1000948,230.0,1.7176,98.7265,Coal,,Pln - North Sumatera Generation Unit,Indonesia Power Generation,https://repit.wordpress.com/,CARMA,,,,,,1221.4829199399771,Large (>100 MW),Fossil,PLN Group
IDN,Indonesia,Pltu Lati,WRI1000949,14.0,-2.5213,121.357,Coal,,Pln - East Kalimantan Regional Unit,Indonesia Power Generation,https://repit.wordpress.com/,CARMA,,,,,,74.351134257216,Medium (10–100 MW),Fossil,PLN Group
IDN,Indonesia,Pltu Listrindo,WRI1000950,2.5,-2.5213,121.357,Coal,,Pt. Listrindo (Ipp),Indonesia Power Generation,https://repit.wordpress.com/,CARMA,,,,,,13.276988260217143,Small (<10 MW),Fossil,Non-PLN
IDN,Indonesia,Pltu Muara Karang,WRI1000954,400.0,-6.1069,106.7882,Coal,,Pln - Java Bali Generation Unit / Pt. Pjb,Indonesia Power Generation,https://repit.wordpress.com/,WRI,,,,,,2124.318121634743,Large (>100 MW),Fossil,PLN Group
IDN,Indonesia,Pltu Nad-Nagan Raya,WRI1000956,220.0,4.1089,96.1972,Coal,,Pln (Epc : Sinohydro Co. Ltd),Indonesia Power Generation,https://repit.wordpress.com/,WRI,,,,,,1168.3749668991086,Large (>100 MW),Fossil,PLN Group
IDN,Indonesia,Pltu Ombilin - Sijantang - Sawahlunto,WRI1000960,200.0,-0.6094,100.7535,Coal,,Pln-South Sumatera Generation Unit,Indonesia Power Generation,https://repit.wordpress.com/,GEODB,,,,,,1062.1590608173717,Large (>100 MW),Fossil,PLN Group
IDN,Indonesia,Pltu Paiton I Unit 7 & 8,WRI1000941,5355.0,-7.7184,113.5827,Coal,,Pt. Paiton Energy Corp,Indonesia Power Generation,https://repit.wordpress.com/,WRI,,,,,,28439.30885338512,Large (>100 MW),Fossil,Non-PLN
IDN,Indonesia,Pltu Pakerin,WRI1000965,34.0,-2.5213,121.357,Coal,,Pt. Pakerin (Pulp Industry),Indonesia Power Generation,https://repit.wordpress.com/,CARMA,,,,,,180.56704033895312,Medium (10–100 MW),Fossil,Non-PLN
IDN,Indonesia,Pltu Pangkalan Bun,WRI1000966,14.0,-2.6833,111.6167,Coal,,Pt. Energi Listrik Indonesia (Subsidiary Of Pt. Eksploitasi Energi Indonesia),Indonesia Power Generation,https://repit.wordpress.com/,CARMA,,,,,,74.351134257216,Medium (10–100 MW),Fossil,Non-PLN
IDN,Indonesia,Pltu Pangkalan Susu 1 & 2,WRI1000967,400.0,4.1196,98.2555,Coal,,Pln (Epc : Pt. Bagus Karya  Guangdong Power Engineering  Pt. Nincec Multi Dimensi),Indonesia Power Generation,https://repit.wordpress.com/,WRI,,,,,,2124.318121634743,Large (>100 MW),Fossil,PLN Group
IDN,Indonesia,Pltu Perak,WRI1000970,100.0,-7.2492,112.7508,Coal,,Pln - Pt. Indonesia Power,Indonesia Power Generation,https://repit.wordpress.com/,CARMA,,,,,,531.0795304086857,Medium (10–100 MW),Fossil,PLN Group
IDN,Indonesia,Pltu Priok 3 & 4,WRI1000972,100.0,-6.1071,106.8716,Coal,,Pt. Indonesia Power,Indonesia Power Generation,https://repit.wordpress.com/,WRI,,,,,,531.0795304086857,Medium (10–100 MW),Fossil,Non-PLN
IDN,Indonesia,Pltu Rancong,WRI1000974,30.0,-2.5213,121.357,Coal,,Pt. Jorindo Aceh Power,Indonesia Power Generation,https://repit.wordpress.com/,CARMA,,,,,,159.3238591226057,Medium (10–100 MW),Fossil,Non-PLN
IDN,Indonesia,Pltu Sanggau,WRI1000975,14.0,-2.5213,121.357,Coal,,Pln,Indonesia Power Generation,https://repit.wordpress.com/,CARMA,,,,,,74.351134257216,Medium (10–100 MW),Fossil,PLN Group
IDN,Indonesia,Pltu Simpang Belimbing,WRI1000978,227.0,-3.4,104.1158,Coal,,Pt. Guo Hua Energy Musi Makmur,Indonesia Power Generation,https://repit.wordpress.com/,WRI,,,,,,1205.5505340277164,Large (>100 MW),Fossil,Non-PLN
IDN,Indonesia,Pltu Sulawesi Selatan - Barru/Ftp1,WRI1000979,100.0,-4.2931,119.6326,Coal,,Pln-South&South East Sulawesi Regional Unit,Indonesia Power Generation,https://repit.wordpress.com/,WRI,,,,,,531.0795304086857,Medium (10–100 MW),Fossil,PLN Group
IDN,Indonesia,Pltu Sumbar - Teluk Sirih Unit 1,WRI1000980,112.0,-1.0772,100.3727,Coal,,Pln (Epc: Cntic (China National Tecnical Import Corporation)),Indonesia Power Generation,https://repit.wordpress.com/,WRI,,,,,,594.809074057728,Large (>100 MW),Fossil,PLN Group
IDN,Indonesia,Pltu Suparma,WRI1000981,27.0,-2.5213,121.357,Coal,,Pt. Suparma (Pulp Industry),Indonesia Power Generation,https://repit.wordpress.com/,CARMA,,,,,,143.39147321034514,Medium (10–100 MW),Fossil,Non-PLN
IDN,Indonesia,Pltu Suralaya,WRI1000982,3400.0,-5.892,106.03,Coal,,Pln -.Pt Indonesia Power,Indonesia Power Generation,https://repit.wordpress.com/,GEODB,,,,,,18056.704033895312,Large (>100 MW),Fossil,PLN Group
IDN,Indonesia,Pltu Tabalong,WRI1000983,60.0,-2.5213,121.357,Coal,,Pt. Makmur Sejahtera Wisesa (Owned By Pt. Adaro),Indonesia Power Generation,https://repit.wordpress.com/,CARMA,,,,,,318.6477182452114,Medium (10–100 MW),Fossil,Non-PLN
IDN,Indonesia,Pltu Tambak Lorok,WRI1000984,300.0,-6.9507,110.4304,Coal,,Pln - Pt. Indonesia Power,Indonesia Power Generation,https://repit.wordpress.com/,GEODB,,,,,,1593.238591226057,Large (>100 MW),Fossil,PLN Group
IDN,Indonesia,Pltu Tanjung Alam Perkasa,WRI1000985,7.5,-2.5213,121.357,Coal,,Pt. Tanjung Alam Perkasa,Indonesia Power Generation,https://repit.wordpress.com/,CARMA,,,,,,39.83096478065143,Small (<10 MW),Fossil,Non-PLN
IDN,Indonesia,Pltu Tanjung Enim -Bukit Asam,WRI1000988,260.0,-3.7316,103.7975,Coal,,Pln-South Sumatera Generation Unit,Indonesia Power Generation,https://repit.wordpress.com/,GEODB,,,,,,1380.8067790625828,Large (>100 MW),Fossil,PLN Group
IDN,Indonesia,Pltu Tanjung Jati B,WRI1000990,1320.0,-6.446,110.7423,Coal,,Pt. Central Java Power,Indonesia Power Generation,https://repit.wordpress.com/,GEODB,,,,,,7010.249801394652,Large (>100 MW),Fossil,Non-PLN
IDN,Indonesia,Pltu Tanjung Jati B - Expansion,WRI1000991,1324.0,-6.446,110.7423,Coal,,Pt. Central Java Power (Epc : Korea Midland Power Co),Indonesia Power Generation,https://repit.wordpress.com/,GEODB,,,,,,7031.492982610998,Large (>100 MW),Fossil,Non-PLN
IDN,Indonesia,Pltu Tanjung Kasam,WRI1000992,110.0,1.0455,104.133,Coal,,Pt. Tanjung Kasam Power Batam (Pt. Tjk Power),Indonesia Power Generation,https://repit.wordpress.com/,WRI,,,,,,584.1874834495543,Large (>100 MW),Fossil,Non-PLN
IDN,Indonesia,Pltu Tarahan # 1  2,WRI1000994,200.0,-5.518,105.35,Coal,,Indonesia Power,Indonesia Power Generation,https://repit.wordpress.com/,WRI,,,,,,1062.1590608173717,Large (>100 MW),Fossil,Non-PLN
IDN,Indonesia,Pltu Tarahan 3 & 4 - Sebalang,WRI1000995,200.0,-5.518,105.35,Coal,,Pln,Indonesia Power Generation,https://repit.wordpress.com/,WRI,,,,,,1062.1590608173717,Large (>100 MW),Fossil,PLN Group
IDN,Indonesia,Pltu Tello,WRI1000997,25.0,-5.14,119.4221,Coal,,Pln-South&South East Sulawesi Regional Unit,Indonesia Power Generation,https://repit.wordpress.com/,CARMA,,,,,,132.76988260217144,Medium (10–100 MW),Fossil,PLN Group
IDN,Indonesia,Pltu Tonasa Ii (Boiler Turbine Generator),WRI1000999,70.0,-4.7846,119.6163,Coal,,Pt. Semen Gresik Tbk/Pt. Semen Indonesia,Indonesia Power Generation,https://repit.wordpress.com/,WRI,,,,,,371.75567128608,Medium (10–100 MW),Fossil,Non-PLN
IDN,Indonesia,Pejengkolan/Mrica,WRI1000801,1.4,-7.5694,109.8006,Hydro,,Pln - Pt. Indonesia Power,Indonesia Power Generation,https://repit.wordpress.com/,CARMA,,,,,,4.651117907040805,Small (<10 MW),Renewable,PLN Group
IDN,Indonesia,Pemaron Boo,WRI1000802,45.0,-8.1189,115.0887,Oil,,Pt. Cogindo Dayabersama - Rental,Indonesia Power Generation,https://repit.wordpress.com/,CARMA,,,,,,1641.4082107902084,Medium (10–100 MW),Fossil,Non-PLN
IDN,Indonesia,Pesanggaran,WRI1000803,75.78,-8.7157,115.214,Oil,,Indonesia Power Unit,Indonesia Power Generation,https://repit.wordpress.com/,CARMA,,,,,,2764.131426970712,Medium (10–100 MW),Fossil,Non-PLN
IDN,Indonesia,Pesanggaran Boo,WRI1000804,75.0,-8.7157,115.214,Oil,,Anggreko International - Rental,Indonesia Power Generation,https://repit.wordpress.com/,CARMA,,,,,,2735.6803513170144,Medium (10–100 MW),Fossil,Non-PLN
IDN,Indonesia,Pesanggaran Bot,WRI1000805,51.0,-8.7157,115.214,Oil,,Anggreko International - Rental,Indonesia Power Generation,https://repit.wordpress.com/,CARMA,,,,,,1860.2626388955696,Medium (10–100 MW),Fossil,Non-PLN
IDN,Indonesia,Plengan/Saguling,WRI1000806,6.87,-6.9039,107.6186,Hydro,,Pln - Pt. Indonesia Power,Indonesia Power Generation,https://repit.wordpress.com/,CARMA,,,,,,22.82370001526452,Small (<10 MW),Renewable,PLN Group
IDN,Indonesia,Riam Kanan/Pangeran Muhamad Nur,WRI1001004,30.0,-3.5156,115.0074,Hydro,,Pln,Indonesia Power Generation,https://repit.wordpress.com/,WRI,,,,,,99.66681229373154,Medium (10–100 MW),Renewable,PLN Group
IDN,Indonesia,Saguling,WRI1001005,700.72,-6.9126,107.3663,Hydro,,Pln - Pt. Indonesia Power,Indonesia Power Generation,https://repit.wordpress.com/,GEODB,,,,,,2327.950957015452,Large (>100 MW),Renewable,PLN Group
IDN,Indonesia,Sempor/Mrica,WRI1001009,1.0,-7.4733,109.3331,Hydro,,Pln - Pt. Indonesia Power,Indonesia Power Generation,https://repit.wordpress.com/,CARMA,,,,,,3.3222270764577178,Small (<10 MW),Renewable,PLN Group
IDN,Indonesia,Sengguruh - Brantas,WRI1001010,29.0,-8.1764,112.551,Hydro,,Pln - Java Bali Generation Unit / Pt. Pjb,Indonesia Power Generation,https://repit.wordpress.com/,CARMA,,,,,,96.34458521727382,Medium (10–100 MW),Renewable,PLN Group
IDN,Indonesia,Sidorejo/Mrica,WRI1001013,1.4,-7.4764,110.2622,Hydro,,Pln - Pt. Indonesia Power,Indonesia Power Generation,https://repit.wordpress.com/,CARMA,,,,,,4.651117907040805,Small (<10 MW),Renewable,PLN Group
IDN,Indonesia,Sigura Gura (Asahan Ii),WRI1001014,286.0,2.5196,99.2793,Hydro,,Pt. Indonesia Asahan Aluminium,Indonesia Power Generation,https://repit.wordpress.com/,WRI,,,,,,950.1569438669072,Large (>100 MW),Renewable,Non-PLN
IDN,Indonesia,Silae,WRI1001015,43.7,-0.8917,119.8707,Oil,,Pln-Nth & Ctrl Sulawesi & Gorontalo Reg Unit,Indonesia Power Generation,https://repit.wordpress.com/,CARMA,,,,,,1593.9897513673804,Medium (10–100 MW),Fossil,PLN Group
IDN,Indonesia,Singkarak,WRI1001017,175.0,-0.6909,100.6034,Hydro,,Pln-South Sumatera Generation Unit,Indonesia Power Generation,https://repit.wordpress.com/,CARMA,,,,,,581.3897383801007,Large (>100 MW),Renewable,PLN Group
IDN,Indonesia,Sipansihaporas,WRI1001018,50.0,1.7427,98.7792,Hydro,,Pln - North Sumatera Generation Unit,Indonesia Power Generation,https://repit.wordpress.com/,CARMA,,,,,,166.1113538228859,Medium (10–100 MW),Renewable,PLN Group
IDN,Indonesia,Suppa - Pare Pare,WRI1001020,60.0,-4.0135,119.6255,Oil,,Pt. Makasar Power (Alsons Power Holdings Corp + Toyota Tsusho Corp/Tomen + Singapore Power),Indonesia Power Generation,https://repit.wordpress.com/,CARMA,,,,,,2188.5442810536115,Medium (10–100 MW),Fossil,Non-PLN
IDN,Indonesia,Sutami / Karangkates - Brantas,WRI1001021,105.0,-8.1606,112.4443,Hydro,,Pln - Java Bali Generation Unit / Pt. Pjb,Indonesia Power Generation,https://repit.wordpress.com/,WRI,,,,,,348.8338430280604,Large (>100 MW),Renewable,PLN Group
IDN,Indonesia,Talang Padang,WRI1001023,12.5,-0.9492,100.3543,Oil,,Pln-South Sumatera Generation Unit,Indonesia Power Generation,https://repit.wordpress.com/,CARMA,,,,,,455.9467252195024,Medium (10–100 MW),Fossil,PLN Group
IDN,Indonesia,Tangga (Asahan Ii),WRI1001024,317.0,2.5479,99.3028,Hydro,,Pt. Indonesia Asahan Aluminium,Indonesia Power Generation,https://repit.wordpress.com/,WRI,,,,,,1053.1459832370963,Large (>100 MW),Renewable,Non-PLN
IDN,Indonesia,Tegineneng,WRI1001028,28.2,-5.6015,104.7988,Oil,,Pln-South Sumatera Generation Unit,Indonesia Power Generation,https://repit.wordpress.com/,CARMA,,,,,,1028.6158120951975,Medium (10–100 MW),Fossil,PLN Group
IDN,Indonesia,Tello,WRI1001031,50.092,-5.14,119.4221,Oil,,Pln-South&South East Sulawesi Regional Unit,Indonesia Power Generation,https://repit.wordpress.com/,CARMA,,,,,,1827.142668775625,Medium (10–100 MW),Fossil,PLN Group
IDN,Indonesia,Tenau Kupang,WRI1001033,34.73,-10.1667,123.5833,Oil,,Pln - East Nusa Tenggara Regional Unit/Ntt,Indonesia Power Generation,https://repit.wordpress.com/,CARMA,,,,,,1266.8023813498653,Medium (10–100 MW),Fossil,PLN Group
IDN,Indonesia,Timo / Mrica,WRI1001035,12.0,-6.9485,110.4069,Hydro,,Pln - Pt. Indonesia Power,Indonesia Power Generation,https://repit.wordpress.com/,CARMA,,,,,,39.86672491749261,Medium (10–100 MW),Renewable,PLN Group
IDN,Indonesia,Tulungagung - Brantas,WRI1001038,36.0,-8.0657,111.9025,Hydro,,Pln - Java Bali Generation Unit / Pt. Pjb,Indonesia Power Generation,https://repit.wordpress.com/,CARMA,,,,,,119.60017475247784,Medium (10–100 MW),Renewable,PLN Group
IDN,Indonesia,Ubrug/Saguling,WRI1001039,18.36,-6.9039,107.6186,Hydro,,Pln - Pt. Indonesia Power,Indonesia Power Generation,https://repit.wordpress.com/,CARMA,,,,,,60.996089123763696,Medium (10–100 MW),Renewable,PLN Group
IDN,Indonesia,Ulubelu 1 & 2,WRI1001040,110.0,-5.3096,104.5733,Geothermal,,Pt. Pln,Indonesia Power Generation,https://repit.wordpress.com/,WRI,,,,,,822.7868852459015,Large (>100 MW),Renewable,PLN Group
IDN,Indonesia,Wayang Windu,WRI1001044,227.0,-7.1966,107.6258,Geothermal,,Pt. Star Energy,Indonesia Power Generation,https://repit.wordpress.com/,WRI,,,,,,1697.9329359165424,Large (>100 MW),Renewable,Non-PLN
IDN,Indonesia,Wlingi - Brantas,WRI1001045,54.0,-8.0776,112.3311,Hydro,,Pln - Java Bali Generation Unit / Pt. Pjb,Indonesia Power Generation,https://repit.wordpress.com/,CARMA,,,,,,179.40026212871678,Medium (10–100 MW),Renewable,PLN Group
IDN,Indonesia,Wonorejo - Pamekasan,WRI1001046,6.3,-8.1136,112.2869,Hydro,,Pln - Java Bali Generation Unit / Pt. Pjb,Indonesia Power Generation,https://repit.wordpress.com/,CARMA,,,,,,20.93003058168362,Small (<10 MW),Renewable,PLN Group
